Series Name,Series Code,Country Name,Country Code,1990 [YR1990],2000 [YR2000],2009 [YR2009],2010 [YR2010],2011 [YR2011],2012 [YR2012],2013 [YR2013],2014 [YR2014],2015 [YR2015],2016 [YR2016],2017 [YR2017],2018 [YR2018]
Poverty headcount ratio at $1.90 a day (2011 PPP) (% of population),SI.POV.DDAY,Afghanistan,AFG,..,..,..,..,..,..,..,..,..,..,..,..
Poverty headcount ratio at $1.90 a day (2011 PPP) (% of population),SI.POV.DDAY,Albania,ALB,..,..,..,..,..,1.1,..,..,..,..,..,..
Poverty headcount ratio at $1.90 a day (2011 PPP) (% of population),SI.POV.DDAY,Algeria,DZA,..,..,..,..,0.5,..,..,..,..,..,..,..
Poverty headcount ratio at $1.90 a day (2011 PPP) (% of population),SI.POV.DDAY,American Samoa,ASM,..,..,..,..,..,..,..,..,..,..,..,..
Poverty headcount ratio at $1.90 a day (2011 PPP) (% of population),SI.POV.DDAY,Andorra,AND,..,..,..,..,..,..,..,..,..,..,..,..
Poverty headcount ratio at $1.90 a day (2011 PPP) (% of population),SI.POV.DDAY,Angola,AGO,..,32.3,..,..,..,..,..,..,..,..,..,..
Poverty headcount ratio at $1.90 a day (2011 PPP) (% of population),SI.POV.DDAY,Antigua and Barbuda,ATG,..,..,..,..,..,..,..,..,..,..,..,..
Poverty headcount ratio at $1.90 a day (2011 PPP) (% of population),SI.POV.DDAY,Argentina,ARG,..,5.7,2.6,1.1,0.9,0.8,0.8,0.7,..,0.6,0.4,..
Poverty headcount ratio at $1.90 a day (2011 PPP) (% of population),SI.POV.DDAY,Armenia,ARM,..,..,1.9,1.9,2.2,1.6,2.2,2.3,1.9,1.8,1.4,..
Poverty headcount ratio at $1.90 a day (2011 PPP) (% of population),SI.POV.DDAY,Aruba,ABW,..,..,..,..,..,..,..,..,..,..,..,..
Poverty headcount ratio at $1.90 a day (2011 PPP) (% of population),SI.POV.DDAY,Australia,AUS,..,..,..,0.5,..,..,..,0.7,..,..,..,..
Poverty headcount ratio at $1.90 a day (2011 PPP) (% of population),SI.POV.DDAY,Austria,AUT,..,..,0.5,0.5,0.5,0.5,0.2,0.2,0.7,..,..,..
Poverty headcount ratio at $1.90 a day (2011 PPP) (% of population),SI.POV.DDAY,Azerbaijan,AZE,..,..,..,..,..,..,..,..,..,..,..,..
Poverty headcount ratio at $1.90 a day (2011 PPP) (% of population),SI.POV.DDAY,"Bahamas, The",BHS,..,..,..,..,..,..,..,..,..,..,..,..
Poverty headcount ratio at $1.90 a day (2011 PPP) (% of population),SI.POV.DDAY,Bahrain,BHR,..,..,..,..,..,..,..,..,..,..,..,..
Poverty headcount ratio at $1.90 a day (2011 PPP) (% of population),SI.POV.DDAY,Bangladesh,BGD,..,34.8,..,19.6,..,..,..,..,..,14.8,..,..
Poverty headcount ratio at $1.90 a day (2011 PPP) (% of population),SI.POV.DDAY,Barbados,BRB,..,..,..,..,..,..,..,..,..,..,..,..
Poverty headcount ratio at $1.90 a day (2011 PPP) (% of population),SI.POV.DDAY,Belarus,BLR,..,7.1,0,0,0,0,0,0,0,0,0,..
Poverty headcount ratio at $1.90 a day (2011 PPP) (% of population),SI.POV.DDAY,Belgium,BEL,..,..,0,0.2,0.2,0.2,0.2,0,0,..,..,..
Poverty headcount ratio at $1.90 a day (2011 PPP) (% of population),SI.POV.DDAY,Belize,BLZ,..,..,..,..,..,..,..,..,..,..,..,..
Poverty headcount ratio at $1.90 a day (2011 PPP) (% of population),SI.POV.DDAY,Benin,BEN,..,..,..,..,53.1,..,..,..,49.5,..,..,..
Poverty headcount ratio at $1.90 a day (2011 PPP) (% of population),SI.POV.DDAY,Bermuda,BMU,..,..,..,..,..,..,..,..,..,..,..,..
Poverty headcount ratio at $1.90 a day (2011 PPP) (% of population),SI.POV.DDAY,Bhutan,BTN,..,..,..,..,..,2.2,..,..,..,..,1.5,..
Poverty headcount ratio at $1.90 a day (2011 PPP) (% of population),SI.POV.DDAY,Bolivia,BOL,7.1,28.6,10.5,..,7.3,8.2,6.9,5.8,6.4,7.1,5.8,..
Poverty headcount ratio at $1.90 a day (2011 PPP) (% of population),SI.POV.DDAY,Bosnia and Herzegovina,BIH,..,..,..,..,0.1,..,..,..,..,..,..,..
Poverty headcount ratio at $1.90 a day (2011 PPP) (% of population),SI.POV.DDAY,Botswana,BWA,..,..,18.2,..,..,..,..,..,16.1,..,..,..
Poverty headcount ratio at $1.90 a day (2011 PPP) (% of population),SI.POV.DDAY,Brazil,BRA,21.6,..,5.4,..,4.7,3.8,3.8,2.8,3.4,4.3,4.8,..
Poverty headcount ratio at $1.90 a day (2011 PPP) (% of population),SI.POV.DDAY,British Virgin Islands,VGB,..,..,..,..,..,..,..,..,..,..,..,..
Poverty headcount ratio at $1.90 a day (2011 PPP) (% of population),SI.POV.DDAY,Brunei Darussalam,BRN,..,..,..,..,..,..,..,..,..,..,..,..
Poverty headcount ratio at $1.90 a day (2011 PPP) (% of population),SI.POV.DDAY,Bulgaria,BGR,..,..,1.2,2,2.2,2,1.7,1.5,..,..,..,..
Poverty headcount ratio at $1.90 a day (2011 PPP) (% of population),SI.POV.DDAY,Burkina Faso,BFA,..,..,55.3,..,..,..,..,43.7,..,..,..,..
Poverty headcount ratio at $1.90 a day (2011 PPP) (% of population),SI.POV.DDAY,Burundi,BDI,..,..,..,..,..,..,71.8,..,..,..,..,..
Poverty headcount ratio at $1.90 a day (2011 PPP) (% of population),SI.POV.DDAY,Cabo Verde,CPV,..,..,..,..,..,..,..,..,..,..,..,..
Poverty headcount ratio at $1.90 a day (2011 PPP) (% of population),SI.POV.DDAY,Cambodia,KHM,..,..,..,..,..,..,..,..,..,..,..,..
Poverty headcount ratio at $1.90 a day (2011 PPP) (% of population),SI.POV.DDAY,Cameroon,CMR,..,..,..,..,..,..,..,23.8,..,..,..,..
Poverty headcount ratio at $1.90 a day (2011 PPP) (% of population),SI.POV.DDAY,Canada,CAN,..,0.2,..,0.2,..,..,0.5,..,..,..,..,..
Poverty headcount ratio at $1.90 a day (2011 PPP) (% of population),SI.POV.DDAY,Cayman Islands,CYM,..,..,..,..,..,..,..,..,..,..,..,..
Poverty headcount ratio at $1.90 a day (2011 PPP) (% of population),SI.POV.DDAY,Central African Republic,CAF,..,..,..,..,..,..,..,..,..,..,..,..
Poverty headcount ratio at $1.90 a day (2011 PPP) (% of population),SI.POV.DDAY,Chad,TCD,..,..,..,..,38.4,..,..,..,..,..,..,..
Poverty headcount ratio at $1.90 a day (2011 PPP) (% of population),SI.POV.DDAY,Channel Islands,CHI,..,..,..,..,..,..,..,..,..,..,..,..
Poverty headcount ratio at $1.90 a day (2011 PPP) (% of population),SI.POV.DDAY,Chile,CHL,8.1,4.4,2.6,..,1.6,..,0.9,..,1.3,..,0.7,..
Poverty headcount ratio at $1.90 a day (2011 PPP) (% of population),SI.POV.DDAY,China,CHN,66.2,..,..,11.2,7.9,6.5,1.9,1.4,0.7,..,..,..
Poverty headcount ratio at $1.90 a day (2011 PPP) (% of population),SI.POV.DDAY,Colombia,COL,..,16.4,8.9,7.7,6.3,6.2,5.7,5,4.5,4.5,3.9,..
Poverty headcount ratio at $1.90 a day (2011 PPP) (% of population),SI.POV.DDAY,Comoros,COM,..,..,..,..,..,..,17.9,..,..,..,..,..
Poverty headcount ratio at $1.90 a day (2011 PPP) (% of population),SI.POV.DDAY,"Congo, Dem. Rep.",COD,..,..,..,..,..,76.6,..,..,..,..,..,..
Poverty headcount ratio at $1.90 a day (2011 PPP) (% of population),SI.POV.DDAY,"Congo, Rep.",COG,..,..,..,..,37,..,..,..,..,..,..,..
Poverty headcount ratio at $1.90 a day (2011 PPP) (% of population),SI.POV.DDAY,Costa Rica,CRI,9.9,6.5,2.4,1.5,1.6,1.6,1.6,1.4,1.5,1.3,1,..
Poverty headcount ratio at $1.90 a day (2011 PPP) (% of population),SI.POV.DDAY,Cote d'Ivoire,CIV,..,..,..,..,..,..,..,..,28.2,..,..,..
Poverty headcount ratio at $1.90 a day (2011 PPP) (% of population),SI.POV.DDAY,Croatia,HRV,..,..,1,1.2,0.7,0.7,0.7,1,0.7,..,..,..
Poverty headcount ratio at $1.90 a day (2011 PPP) (% of population),SI.POV.DDAY,Cuba,CUB,..,..,..,..,..,..,..,..,..,..,..,..
Poverty headcount ratio at $1.90 a day (2011 PPP) (% of population),SI.POV.DDAY,Curacao,CUW,..,..,..,..,..,..,..,..,..,..,..,..
Poverty headcount ratio at $1.90 a day (2011 PPP) (% of population),SI.POV.DDAY,Cyprus,CYP,..,..,0,0,0,0,0,0,0,..,..,..
Poverty headcount ratio at $1.90 a day (2011 PPP) (% of population),SI.POV.DDAY,Czech Republic,CZE,..,..,0,0,0,0,0,0,0,..,..,..
Poverty headcount ratio at $1.90 a day (2011 PPP) (% of population),SI.POV.DDAY,Denmark,DNK,..,..,0.5,0,0,0,0.2,0.2,0.2,..,..,..
Poverty headcount ratio at $1.90 a day (2011 PPP) (% of population),SI.POV.DDAY,Djibouti,DJI,..,..,..,..,..,18.3,22.7,..,..,..,17.1,..
Poverty headcount ratio at $1.90 a day (2011 PPP) (% of population),SI.POV.DDAY,Dominica,DMA,..,..,..,..,..,..,..,..,..,..,..,..
Poverty headcount ratio at $1.90 a day (2011 PPP) (% of population),SI.POV.DDAY,Dominican Republic,DOM,..,5.5,3.1,2.5,2.9,2.6,2.2,2.1,1.8,1.6,..,..
Poverty headcount ratio at $1.90 a day (2011 PPP) (% of population),SI.POV.DDAY,Ecuador,ECU,..,28.2,7.2,5.6,4.7,4.5,3.2,2.6,3.4,3.6,3.2,..
Poverty headcount ratio at $1.90 a day (2011 PPP) (% of population),SI.POV.DDAY,"Egypt, Arab Rep.",EGY,7.4,..,..,3,..,2.3,..,..,1.3,..,..,..
Poverty headcount ratio at $1.90 a day (2011 PPP) (% of population),SI.POV.DDAY,El Salvador,SLV,..,12.2,6.4,5.5,4.5,4.1,3.2,3,1.9,2.2,1.9,..
Poverty headcount ratio at $1.90 a day (2011 PPP) (% of population),SI.POV.DDAY,Equatorial Guinea,GNQ,..,..,..,..,..,..,..,..,..,..,..,..
Poverty headcount ratio at $1.90 a day (2011 PPP) (% of population),SI.POV.DDAY,Eritrea,ERI,..,..,..,..,..,..,..,..,..,..,..,..
Poverty headcount ratio at $1.90 a day (2011 PPP) (% of population),SI.POV.DDAY,Estonia,EST,..,..,0.5,0.7,1,0.7,1,0.7,0.5,..,..,..
Poverty headcount ratio at $1.90 a day (2011 PPP) (% of population),SI.POV.DDAY,Eswatini,SWZ,..,48.4,42,..,..,..,..,..,..,..,..,..
Poverty headcount ratio at $1.90 a day (2011 PPP) (% of population),SI.POV.DDAY,Ethiopia,ETH,..,..,..,33.5,..,..,..,..,27.3,..,..,..
Poverty headcount ratio at $1.90 a day (2011 PPP) (% of population),SI.POV.DDAY,Faroe Islands,FRO,..,..,..,..,..,..,..,..,..,..,..,..
Poverty headcount ratio at $1.90 a day (2011 PPP) (% of population),SI.POV.DDAY,Fiji,FJI,..,..,..,..,..,..,1.4,..,..,..,..,..
Poverty headcount ratio at $1.90 a day (2011 PPP) (% of population),SI.POV.DDAY,Finland,FIN,..,..,0,0,0,0,0,0,0,..,..,..
Poverty headcount ratio at $1.90 a day (2011 PPP) (% of population),SI.POV.DDAY,France,FRA,..,..,0,0,0,0,0,0,0,..,..,..
Poverty headcount ratio at $1.90 a day (2011 PPP) (% of population),SI.POV.DDAY,French Polynesia,PYF,..,..,..,..,..,..,..,..,..,..,..,..
Poverty headcount ratio at $1.90 a day (2011 PPP) (% of population),SI.POV.DDAY,Gabon,GAB,..,..,..,..,..,..,..,..,..,..,3.4,..
Poverty headcount ratio at $1.90 a day (2011 PPP) (% of population),SI.POV.DDAY,"Gambia, The",GMB,..,..,..,25.1,..,..,..,..,10.1,..,..,..
Poverty headcount ratio at $1.90 a day (2011 PPP) (% of population),SI.POV.DDAY,Georgia,GEO,..,19.4,10.3,12.2,11.3,8.6,6.6,5,3.8,3.9,5,..
Poverty headcount ratio at $1.90 a day (2011 PPP) (% of population),SI.POV.DDAY,Germany,DEU,..,0,0,0,0,..,0,..,0,..,..,..
Poverty headcount ratio at $1.90 a day (2011 PPP) (% of population),SI.POV.DDAY,Ghana,GHA,..,..,..,..,..,12,..,..,..,13.3,..,..
Poverty headcount ratio at $1.90 a day (2011 PPP) (% of population),SI.POV.DDAY,Gibraltar,GIB,..,..,..,..,..,..,..,..,..,..,..,..
Poverty headcount ratio at $1.90 a day (2011 PPP) (% of population),SI.POV.DDAY,Greece,GRC,..,..,0.5,1,1.2,1.5,1,1.5,1.5,..,..,..
Poverty headcount ratio at $1.90 a day (2011 PPP) (% of population),SI.POV.DDAY,Greenland,GRL,..,..,..,..,..,..,..,..,..,..,..,..
Poverty headcount ratio at $1.90 a day (2011 PPP) (% of population),SI.POV.DDAY,Grenada,GRD,..,..,..,..,..,..,..,..,..,..,..,..
Poverty headcount ratio at $1.90 a day (2011 PPP) (% of population),SI.POV.DDAY,Guam,GUM,..,..,..,..,..,..,..,..,..,..,..,..
Poverty headcount ratio at $1.90 a day (2011 PPP) (% of population),SI.POV.DDAY,Guatemala,GTM,..,9.2,..,..,..,..,..,8.7,..,..,..,..
Poverty headcount ratio at $1.90 a day (2011 PPP) (% of population),SI.POV.DDAY,Guinea,GIN,..,..,..,..,..,35.3,..,..,..,..,..,..
Poverty headcount ratio at $1.90 a day (2011 PPP) (% of population),SI.POV.DDAY,Guinea-Bissau,GNB,..,..,..,67.1,..,..,..,..,..,..,..,..
Poverty headcount ratio at $1.90 a day (2011 PPP) (% of population),SI.POV.DDAY,Guyana,GUY,..,..,..,..,..,..,..,..,..,..,..,..
Poverty headcount ratio at $1.90 a day (2011 PPP) (% of population),SI.POV.DDAY,Haiti,HTI,..,..,..,..,..,25,..,..,..,..,..,..
Poverty headcount ratio at $1.90 a day (2011 PPP) (% of population),SI.POV.DDAY,Honduras,HND,44.3,..,13.8,15,17.1,19.6,17.3,15.9,16.2,16,17.2,..
Poverty headcount ratio at $1.90 a day (2011 PPP) (% of population),SI.POV.DDAY,"Hong Kong SAR, China",HKG,..,..,..,..,..,..,..,..,..,..,..,..
Poverty headcount ratio at $1.90 a day (2011 PPP) (% of population),SI.POV.DDAY,Hungary,HUN,..,..,0,0,0,0.2,0.2,0.7,0.5,..,..,..
Poverty headcount ratio at $1.90 a day (2011 PPP) (% of population),SI.POV.DDAY,Iceland,ISL,..,..,0,0.2,0.2,0,0,0,..,..,..,..
Poverty headcount ratio at $1.90 a day (2011 PPP) (% of population),SI.POV.DDAY,India,IND,..,..,31.1,..,21.2,..,..,..,..,..,..,..
Poverty headcount ratio at $1.90 a day (2011 PPP) (% of population),SI.POV.DDAY,Indonesia,IDN,58.8,39.3,18.2,15.7,13.3,11.6,9.4,7.9,7.2,6.5,5.7,..
Poverty headcount ratio at $1.90 a day (2011 PPP) (% of population),SI.POV.DDAY,"Iran, Islamic Rep.",IRN,5.6,..,1,..,..,..,0.1,0.2,0.3,0.3,..,..
Poverty headcount ratio at $1.90 a day (2011 PPP) (% of population),SI.POV.DDAY,Iraq,IRQ,..,..,..,..,..,2.5,..,..,..,..,..,..
Poverty headcount ratio at $1.90 a day (2011 PPP) (% of population),SI.POV.DDAY,Ireland,IRL,..,..,0.5,0.5,0.5,0.2,0.7,0.5,0.2,..,..,..
Poverty headcount ratio at $1.90 a day (2011 PPP) (% of population),SI.POV.DDAY,Isle of Man,IMN,..,..,..,..,..,..,..,..,..,..,..,..
Poverty headcount ratio at $1.90 a day (2011 PPP) (% of population),SI.POV.DDAY,Israel,ISR,..,..,..,0.2,..,0.5,..,0.5,..,0.2,..,..
Poverty headcount ratio at $1.90 a day (2011 PPP) (% of population),SI.POV.DDAY,Italy,ITA,..,..,1,1.2,1.2,1.2,1.4,1.2,2,..,..,..
Poverty headcount ratio at $1.90 a day (2011 PPP) (% of population),SI.POV.DDAY,Jamaica,JAM,4.6,..,..,..,..,..,..,..,..,..,..,..
Poverty headcount ratio at $1.90 a day (2011 PPP) (% of population),SI.POV.DDAY,Japan,JPN,..,..,..,..,..,..,..,..,..,..,..,..
Poverty headcount ratio at $1.90 a day (2011 PPP) (% of population),SI.POV.DDAY,Jordan,JOR,..,..,..,0.1,..,..,..,..,..,..,..,..
Poverty headcount ratio at $1.90 a day (2011 PPP) (% of population),SI.POV.DDAY,Kazakhstan,KAZ,..,..,0.2,0.1,0,0,0,0,0,0,0,..
Poverty headcount ratio at $1.90 a day (2011 PPP) (% of population),SI.POV.DDAY,Kenya,KEN,..,..,..,..,..,..,..,..,36.8,..,..,..
Poverty headcount ratio at $1.90 a day (2011 PPP) (% of population),SI.POV.DDAY,Kiribati,KIR,..,..,..,..,..,..,..,..,..,..,..,..
Poverty headcount ratio at $1.90 a day (2011 PPP) (% of population),SI.POV.DDAY,"Korea, Dem. People’s Rep.",PRK,..,..,..,..,..,..,..,..,..,..,..,..
Poverty headcount ratio at $1.90 a day (2011 PPP) (% of population),SI.POV.DDAY,"Korea, Rep.",KOR,..,..,..,0.5,..,0.2,..,..,..,..,..,..
Poverty headcount ratio at $1.90 a day (2011 PPP) (% of population),SI.POV.DDAY,Kosovo,XKX,..,..,2.7,2.2,1.4,0.5,0.3,0.7,0.4,0.6,0.2,..
Poverty headcount ratio at $1.90 a day (2011 PPP) (% of population),SI.POV.DDAY,Kuwait,KWT,..,..,..,..,..,..,..,..,..,..,..,..
Poverty headcount ratio at $1.90 a day (2011 PPP) (% of population),SI.POV.DDAY,Kyrgyz Republic,KGZ,..,42.1,2.1,4.1,1.8,2.9,3.3,1.3,2.5,1.4,1.5,..
Poverty headcount ratio at $1.90 a day (2011 PPP) (% of population),SI.POV.DDAY,Lao PDR,LAO,..,..,..,..,..,22.7,..,..,..,..,..,..
Poverty headcount ratio at $1.90 a day (2011 PPP) (% of population),SI.POV.DDAY,Latvia,LVA,..,..,1.7,1.7,1,1,1.2,0.7,0.7,..,..,..
Poverty headcount ratio at $1.90 a day (2011 PPP) (% of population),SI.POV.DDAY,Lebanon,LBN,..,..,..,..,0,..,..,..,..,..,..,..
Poverty headcount ratio at $1.90 a day (2011 PPP) (% of population),SI.POV.DDAY,Lesotho,LSO,..,..,..,59.7,..,..,..,..,..,..,..,..
Poverty headcount ratio at $1.90 a day (2011 PPP) (% of population),SI.POV.DDAY,Liberia,LBR,..,..,..,..,..,..,..,38.6,..,40.9,..,..
Poverty headcount ratio at $1.90 a day (2011 PPP) (% of population),SI.POV.DDAY,Libya,LBY,..,..,..,..,..,..,..,..,..,..,..,..
Poverty headcount ratio at $1.90 a day (2011 PPP) (% of population),SI.POV.DDAY,Liechtenstein,LIE,..,..,..,..,..,..,..,..,..,..,..,..
Poverty headcount ratio at $1.90 a day (2011 PPP) (% of population),SI.POV.DDAY,Lithuania,LTU,..,..,2.2,1.5,0.7,1,0.7,1.2,0.7,..,..,..
Poverty headcount ratio at $1.90 a day (2011 PPP) (% of population),SI.POV.DDAY,Luxembourg,LUX,..,..,0,0,0,0,0.1,0.2,0.2,..,..,..
Poverty headcount ratio at $1.90 a day (2011 PPP) (% of population),SI.POV.DDAY,"Macao SAR, China",MAC,..,..,..,..,..,..,..,..,..,..,..,..
Poverty headcount ratio at $1.90 a day (2011 PPP) (% of population),SI.POV.DDAY,Madagascar,MDG,..,..,..,78.5,..,77.6,..,..,..,..,..,..
Poverty headcount ratio at $1.90 a day (2011 PPP) (% of population),SI.POV.DDAY,Malawi,MWI,..,..,..,71.7,..,..,..,..,..,70.3,..,..
Poverty headcount ratio at $1.90 a day (2011 PPP) (% of population),SI.POV.DDAY,Malaysia,MYS,..,..,..,..,0.1,..,0,..,0,..,..,..
Poverty headcount ratio at $1.90 a day (2011 PPP) (% of population),SI.POV.DDAY,Maldives,MDV,..,..,7.3,..,..,..,..,..,..,..,..,..
Poverty headcount ratio at $1.90 a day (2011 PPP) (% of population),SI.POV.DDAY,Mali,MLI,..,..,49.7,..,..,..,..,..,..,..,..,..
Poverty headcount ratio at $1.90 a day (2011 PPP) (% of population),SI.POV.DDAY,Malta,MLT,..,..,0.5,0.2,0.2,0.2,0,0,0,..,..,..
Poverty headcount ratio at $1.90 a day (2011 PPP) (% of population),SI.POV.DDAY,Marshall Islands,MHL,..,..,..,..,..,..,..,..,..,..,..,..
Poverty headcount ratio at $1.90 a day (2011 PPP) (% of population),SI.POV.DDAY,Mauritania,MRT,..,19.6,..,..,..,..,..,6,..,..,..,..
Poverty headcount ratio at $1.90 a day (2011 PPP) (% of population),SI.POV.DDAY,Mauritius,MUS,..,..,..,..,..,0.5,..,..,..,..,..,..
Poverty headcount ratio at $1.90 a day (2011 PPP) (% of population),SI.POV.DDAY,Mexico,MEX,..,8.9,..,4.2,..,3.4,..,4.1,..,2.5,..,..
Poverty headcount ratio at $1.90 a day (2011 PPP) (% of population),SI.POV.DDAY,"Micronesia, Fed. Sts.",FSM,..,..,..,..,..,..,15.4,..,..,..,..,..
Poverty headcount ratio at $1.90 a day (2011 PPP) (% of population),SI.POV.DDAY,Moldova,MDA,..,35.7,1,0.5,0.3,0.3,0.1,0,0,0.2,0.1,..
Poverty headcount ratio at $1.90 a day (2011 PPP) (% of population),SI.POV.DDAY,Monaco,MCO,..,..,..,..,..,..,..,..,..,..,..,..
Poverty headcount ratio at $1.90 a day (2011 PPP) (% of population),SI.POV.DDAY,Mongolia,MNG,..,..,..,0.8,0.6,0.4,..,0.2,..,0.6,..,..
Poverty headcount ratio at $1.90 a day (2011 PPP) (% of population),SI.POV.DDAY,Montenegro,MNE,..,..,0,0,0.2,1.3,1,0,..,..,..,..
Poverty headcount ratio at $1.90 a day (2011 PPP) (% of population),SI.POV.DDAY,Morocco,MAR,2.9,6.3,..,..,..,..,1,..,..,..,..,..
Poverty headcount ratio at $1.90 a day (2011 PPP) (% of population),SI.POV.DDAY,Mozambique,MOZ,..,..,..,..,..,..,..,62.4,..,..,..,..
Poverty headcount ratio at $1.90 a day (2011 PPP) (% of population),SI.POV.DDAY,Myanmar,MMR,..,..,..,..,..,..,..,..,6.2,..,..,..
Poverty headcount ratio at $1.90 a day (2011 PPP) (% of population),SI.POV.DDAY,Namibia,NAM,..,..,22.6,..,..,..,..,..,13.4,..,..,..
Poverty headcount ratio at $1.90 a day (2011 PPP) (% of population),SI.POV.DDAY,Nauru,NRU,..,..,..,..,..,..,..,..,..,..,..,..
Poverty headcount ratio at $1.90 a day (2011 PPP) (% of population),SI.POV.DDAY,Nepal,NPL,..,..,..,15,..,..,..,..,..,..,..,..
Poverty headcount ratio at $1.90 a day (2011 PPP) (% of population),SI.POV.DDAY,Netherlands,NLD,..,..,0.2,0,0,0,0,0,0,..,..,..
Poverty headcount ratio at $1.90 a day (2011 PPP) (% of population),SI.POV.DDAY,New Caledonia,NCL,..,..,..,..,..,..,..,..,..,..,..,..
Poverty headcount ratio at $1.90 a day (2011 PPP) (% of population),SI.POV.DDAY,New Zealand,NZL,..,..,..,..,..,..,..,..,..,..,..,..
Poverty headcount ratio at $1.90 a day (2011 PPP) (% of population),SI.POV.DDAY,Nicaragua,NIC,..,..,7.3,..,..,..,..,3.2,..,..,..,..
Poverty headcount ratio at $1.90 a day (2011 PPP) (% of population),SI.POV.DDAY,Niger,NER,..,..,..,..,50.3,..,..,44.5,..,..,..,..
Poverty headcount ratio at $1.90 a day (2011 PPP) (% of population),SI.POV.DDAY,Nigeria,NGA,..,..,53.5,..,..,..,..,..,..,..,..,..
Poverty headcount ratio at $1.90 a day (2011 PPP) (% of population),SI.POV.DDAY,North Macedonia,MKD,..,..,9.6,10.4,8.8,6.8,5.2,4.4,5.2,..,..,..
Poverty headcount ratio at $1.90 a day (2011 PPP) (% of population),SI.POV.DDAY,Northern Mariana Islands,MNP,..,..,..,..,..,..,..,..,..,..,..,..
Poverty headcount ratio at $1.90 a day (2011 PPP) (% of population),SI.POV.DDAY,Norway,NOR,..,..,0,0,0,0,0,0,0.2,..,..,..
Poverty headcount ratio at $1.90 a day (2011 PPP) (% of population),SI.POV.DDAY,Oman,OMN,..,..,..,..,..,..,..,..,..,..,..,..
Poverty headcount ratio at $1.90 a day (2011 PPP) (% of population),SI.POV.DDAY,Pakistan,PAK,58.9,..,..,8.3,7.9,..,6.1,..,3.9,..,..,..
Poverty headcount ratio at $1.90 a day (2011 PPP) (% of population),SI.POV.DDAY,Palau,PLW,..,..,..,..,..,..,..,..,..,..,..,..
Poverty headcount ratio at $1.90 a day (2011 PPP) (% of population),SI.POV.DDAY,Panama,PAN,..,12.4,3.2,4.5,3,4.1,2.8,3.5,2,2.2,2.5,..
Poverty headcount ratio at $1.90 a day (2011 PPP) (% of population),SI.POV.DDAY,Papua New Guinea,PNG,..,..,38,..,..,..,..,..,..,..,..,..
Poverty headcount ratio at $1.90 a day (2011 PPP) (% of population),SI.POV.DDAY,Paraguay,PRY,1.2,..,5.8,5.5,5,3.3,1.8,2.4,1.9,1.7,1.2,..
Poverty headcount ratio at $1.90 a day (2011 PPP) (% of population),SI.POV.DDAY,Peru,PER,..,16.3,7,5.5,5.2,4.7,4.3,3.7,3.6,3.5,3.4,..
Poverty headcount ratio at $1.90 a day (2011 PPP) (% of population),SI.POV.DDAY,Philippines,PHL,..,14.5,10.7,..,..,12,..,..,7.8,..,..,..
Poverty headcount ratio at $1.90 a day (2011 PPP) (% of population),SI.POV.DDAY,Poland,POL,..,0.1,0,0,0,0,0,0,0,0,..,..
Poverty headcount ratio at $1.90 a day (2011 PPP) (% of population),SI.POV.DDAY,Portugal,PRT,..,..,0.2,0.2,0.5,0.7,0.7,0.5,0.5,..,..,..
Poverty headcount ratio at $1.90 a day (2011 PPP) (% of population),SI.POV.DDAY,Puerto Rico,PRI,..,..,..,..,..,..,..,..,..,..,..,..
Poverty headcount ratio at $1.90 a day (2011 PPP) (% of population),SI.POV.DDAY,Qatar,QAT,..,..,..,..,..,..,..,..,..,..,..,..
Poverty headcount ratio at $1.90 a day (2011 PPP) (% of population),SI.POV.DDAY,Romania,ROU,..,..,3.5,4.5,5.7,6.7,7.2,7.5,5.7,..,..,..
Poverty headcount ratio at $1.90 a day (2011 PPP) (% of population),SI.POV.DDAY,Russian Federation,RUS,..,2.2,0,0.1,0,0,0,0,0,..,..,..
Poverty headcount ratio at $1.90 a day (2011 PPP) (% of population),SI.POV.DDAY,Rwanda,RWA,..,77.2,..,62.3,..,..,56.8,..,..,55.5,..,..
Poverty headcount ratio at $1.90 a day (2011 PPP) (% of population),SI.POV.DDAY,Samoa,WSM,..,..,..,..,..,..,1.1,..,..,..,..,..
Poverty headcount ratio at $1.90 a day (2011 PPP) (% of population),SI.POV.DDAY,San Marino,SMR,..,..,..,..,..,..,..,..,..,..,..,..
Poverty headcount ratio at $1.90 a day (2011 PPP) (% of population),SI.POV.DDAY,Sao Tome and Principe,STP,..,29.8,..,32.3,..,..,..,..,..,..,..,..
Poverty headcount ratio at $1.90 a day (2011 PPP) (% of population),SI.POV.DDAY,Saudi Arabia,SAU,..,..,..,..,..,..,..,..,..,..,..,..
Poverty headcount ratio at $1.90 a day (2011 PPP) (% of population),SI.POV.DDAY,Senegal,SEN,..,..,..,..,38,..,..,..,..,..,..,..
Poverty headcount ratio at $1.90 a day (2011 PPP) (% of population),SI.POV.DDAY,Serbia,SRB,..,..,0.1,0.2,..,..,0.3,..,0.1,..,..,..
Poverty headcount ratio at $1.90 a day (2011 PPP) (% of population),SI.POV.DDAY,Seychelles,SYC,..,..,..,..,..,..,1.1,..,..,..,..,..
Poverty headcount ratio at $1.90 a day (2011 PPP) (% of population),SI.POV.DDAY,Sierra Leone,SLE,..,..,..,..,52.2,..,..,..,..,..,..,..
Poverty headcount ratio at $1.90 a day (2011 PPP) (% of population),SI.POV.DDAY,Singapore,SGP,..,..,..,..,..,..,..,..,..,..,..,..
Poverty headcount ratio at $1.90 a day (2011 PPP) (% of population),SI.POV.DDAY,Sint Maarten (Dutch part),SXM,..,..,..,..,..,..,..,..,..,..,..,..
Poverty headcount ratio at $1.90 a day (2011 PPP) (% of population),SI.POV.DDAY,Slovak Republic,SVK,..,..,0.4,0.5,0.5,0.2,0.2,0.7,0.7,..,..,..
Poverty headcount ratio at $1.90 a day (2011 PPP) (% of population),SI.POV.DDAY,Slovenia,SVN,..,..,0,0,0,0,0,0,0,..,..,..
Poverty headcount ratio at $1.90 a day (2011 PPP) (% of population),SI.POV.DDAY,Solomon Islands,SLB,..,..,..,..,..,..,25.1,..,..,..,..,..
Poverty headcount ratio at $1.90 a day (2011 PPP) (% of population),SI.POV.DDAY,Somalia,SOM,..,..,..,..,..,..,..,..,..,..,..,..
Poverty headcount ratio at $1.90 a day (2011 PPP) (% of population),SI.POV.DDAY,South Africa,ZAF,..,35,..,16.5,..,..,..,18.9,..,..,..,..
Poverty headcount ratio at $1.90 a day (2011 PPP) (% of population),SI.POV.DDAY,South Sudan,SSD,..,..,42.7,..,..,..,..,..,..,..,..,..
Poverty headcount ratio at $1.90 a day (2011 PPP) (% of population),SI.POV.DDAY,Spain,ESP,..,..,0.7,0.7,1.2,1,1.2,0.7,1,..,..,..
Poverty headcount ratio at $1.90 a day (2011 PPP) (% of population),SI.POV.DDAY,Sri Lanka,LKA,8.7,..,2.4,..,..,1.9,..,..,..,0.8,..,..
Poverty headcount ratio at $1.90 a day (2011 PPP) (% of population),SI.POV.DDAY,St. Kitts and Nevis,KNA,..,..,..,..,..,..,..,..,..,..,..,..
Poverty headcount ratio at $1.90 a day (2011 PPP) (% of population),SI.POV.DDAY,St. Lucia,LCA,..,..,..,..,..,..,..,..,..,4.7,..,..
Poverty headcount ratio at $1.90 a day (2011 PPP) (% of population),SI.POV.DDAY,St. Martin (French part),MAF,..,..,..,..,..,..,..,..,..,..,..,..
Poverty headcount ratio at $1.90 a day (2011 PPP) (% of population),SI.POV.DDAY,St. Vincent and the Grenadines,VCT,..,..,..,..,..,..,..,..,..,..,..,..
Poverty headcount ratio at $1.90 a day (2011 PPP) (% of population),SI.POV.DDAY,Sudan,SDN,..,..,14.9,..,..,..,..,..,..,..,..,..
Poverty headcount ratio at $1.90 a day (2011 PPP) (% of population),SI.POV.DDAY,Suriname,SUR,..,..,..,..,..,..,..,..,..,..,..,..
Poverty headcount ratio at $1.90 a day (2011 PPP) (% of population),SI.POV.DDAY,Sweden,SWE,..,..,0.5,0.5,0.5,0.5,0.7,0.5,0.5,..,..,..
Poverty headcount ratio at $1.90 a day (2011 PPP) (% of population),SI.POV.DDAY,Switzerland,CHE,..,..,0,0,0,0,0,0,0,..,..,..
Poverty headcount ratio at $1.90 a day (2011 PPP) (% of population),SI.POV.DDAY,Syrian Arab Republic,SYR,..,..,..,..,..,..,..,..,..,..,..,..
Poverty headcount ratio at $1.90 a day (2011 PPP) (% of population),SI.POV.DDAY,Tajikistan,TJK,..,..,4.7,..,..,..,..,..,4.8,..,..,..
Poverty headcount ratio at $1.90 a day (2011 PPP) (% of population),SI.POV.DDAY,Tanzania,TZA,..,86,..,..,49.1,..,..,..,..,..,..,..
Poverty headcount ratio at $1.90 a day (2011 PPP) (% of population),SI.POV.DDAY,Thailand,THA,9.4,2.5,0.2,0.1,0,0.1,0,0,0,0,0,..
Poverty headcount ratio at $1.90 a day (2011 PPP) (% of population),SI.POV.DDAY,Timor-Leste,TLS,..,..,..,..,..,..,..,30.7,..,..,..,..
Poverty headcount ratio at $1.90 a day (2011 PPP) (% of population),SI.POV.DDAY,Togo,TGO,..,..,..,..,54.2,..,..,..,49.2,..,..,..
Poverty headcount ratio at $1.90 a day (2011 PPP) (% of population),SI.POV.DDAY,Tonga,TON,..,..,1.1,..,..,..,..,..,1,..,..,..
Poverty headcount ratio at $1.90 a day (2011 PPP) (% of population),SI.POV.DDAY,Trinidad and Tobago,TTO,..,..,..,..,..,..,..,..,..,..,..,..
Poverty headcount ratio at $1.90 a day (2011 PPP) (% of population),SI.POV.DDAY,Tunisia,TUN,10.6,5.9,..,2,..,..,..,..,0.3,..,..,..
Poverty headcount ratio at $1.90 a day (2011 PPP) (% of population),SI.POV.DDAY,Turkey,TUR,..,..,0.9,0.8,0.3,0.3,0.3,0.3,0.3,0.2,..,..
Poverty headcount ratio at $1.90 a day (2011 PPP) (% of population),SI.POV.DDAY,Turkmenistan,TKM,..,..,..,..,..,..,..,..,..,..,..,..
Poverty headcount ratio at $1.90 a day (2011 PPP) (% of population),SI.POV.DDAY,Turks and Caicos Islands,TCA,..,..,..,..,..,..,..,..,..,..,..,..
Poverty headcount ratio at $1.90 a day (2011 PPP) (% of population),SI.POV.DDAY,Tuvalu,TUV,..,..,..,3.3,..,..,..,..,..,..,..,..
Poverty headcount ratio at $1.90 a day (2011 PPP) (% of population),SI.POV.DDAY,Uganda,UGA,..,..,44.6,..,..,35.9,..,..,..,41.7,..,..
Poverty headcount ratio at $1.90 a day (2011 PPP) (% of population),SI.POV.DDAY,Ukraine,UKR,..,..,0.1,0,0,0,0,0,0.1,0.1,..,..
Poverty headcount ratio at $1.90 a day (2011 PPP) (% of population),SI.POV.DDAY,United Arab Emirates,ARE,..,..,..,..,..,..,..,..,..,..,..,..
Poverty headcount ratio at $1.90 a day (2011 PPP) (% of population),SI.POV.DDAY,United Kingdom,GBR,..,..,0.2,0.2,0.2,0.2,0.2,0.2,0.2,..,..,..
Poverty headcount ratio at $1.90 a day (2011 PPP) (% of population),SI.POV.DDAY,United States,USA,..,0.7,..,1,..,..,1,..,..,1.2,..,..
Poverty headcount ratio at $1.90 a day (2011 PPP) (% of population),SI.POV.DDAY,Uruguay,URY,..,..,0.2,0.1,0.1,0.1,0.2,0.1,0.1,0.1,0.1,..
Poverty headcount ratio at $1.90 a day (2011 PPP) (% of population),SI.POV.DDAY,Uzbekistan,UZB,..,62,..,..,..,..,..,..,..,..,..,..
Poverty headcount ratio at $1.90 a day (2011 PPP) (% of population),SI.POV.DDAY,Vanuatu,VUT,..,..,..,13.1,..,..,..,..,..,..,..,..
Poverty headcount ratio at $1.90 a day (2011 PPP) (% of population),SI.POV.DDAY,"Venezuela, RB",VEN,..,..,..,..,..,..,..,..,..,..,..,..
Poverty headcount ratio at $1.90 a day (2011 PPP) (% of population),SI.POV.DDAY,Vietnam,VNM,..,..,..,4.2,..,2.8,..,2.7,..,2,..,..
Poverty headcount ratio at $1.90 a day (2011 PPP) (% of population),SI.POV.DDAY,Virgin Islands (U.S.),VIR,..,..,..,..,..,..,..,..,..,..,..,..
Poverty headcount ratio at $1.90 a day (2011 PPP) (% of population),SI.POV.DDAY,West Bank and Gaza,PSE,..,..,0.3,0.2,0.2,..,..,..,..,1,..,..
Poverty headcount ratio at $1.90 a day (2011 PPP) (% of population),SI.POV.DDAY,"Yemen, Rep.",YEM,..,..,..,..,..,..,..,18.8,..,..,..,..
Poverty headcount ratio at $1.90 a day (2011 PPP) (% of population),SI.POV.DDAY,Zambia,ZMB,..,..,..,64.4,..,..,..,..,57.5,..,..,..
Poverty headcount ratio at $1.90 a day (2011 PPP) (% of population),SI.POV.DDAY,Zimbabwe,ZWE,..,..,..,..,21.4,..,..,..,..,..,..,..
Poverty headcount ratio at $1.90 a day (2011 PPP) (% of population),SI.POV.DDAY,Arab World,ARB,..,..,..,..,..,..,..,..,..,..,..,..
Poverty headcount ratio at $1.90 a day (2011 PPP) (% of population),SI.POV.DDAY,Caribbean small states,CSS,..,..,..,..,..,..,..,..,..,..,..,..
Poverty headcount ratio at $1.90 a day (2011 PPP) (% of population),SI.POV.DDAY,Central Europe and the Baltics,CEB,..,..,..,..,..,..,..,..,..,..,..,..
Poverty headcount ratio at $1.90 a day (2011 PPP) (% of population),SI.POV.DDAY,Early-demographic dividend,EAR,..,..,..,..,..,..,..,..,..,..,..,..
Poverty headcount ratio at $1.90 a day (2011 PPP) (% of population),SI.POV.DDAY,East Asia & Pacific,EAS,61.3,..,..,11.2,8.6,7.2,3.6,..,2.3,..,..,..
Poverty headcount ratio at $1.90 a day (2011 PPP) (% of population),SI.POV.DDAY,East Asia & Pacific (excluding high income),EAP,..,..,..,..,..,..,..,..,..,..,..,..
Poverty headcount ratio at $1.90 a day (2011 PPP) (% of population),SI.POV.DDAY,East Asia & Pacific (IDA & IBRD countries),TEA,..,..,..,..,..,..,..,..,..,..,..,..
Poverty headcount ratio at $1.90 a day (2011 PPP) (% of population),SI.POV.DDAY,Euro area,EMU,..,..,..,..,..,..,..,..,..,..,..,..
Poverty headcount ratio at $1.90 a day (2011 PPP) (% of population),SI.POV.DDAY,Europe & Central Asia,ECS,..,..,..,2.4,2.1,1.9,1.6,..,1.5,..,..,..
Poverty headcount ratio at $1.90 a day (2011 PPP) (% of population),SI.POV.DDAY,Europe & Central Asia (excluding high income),ECA,..,..,..,..,..,..,..,..,..,..,..,..
Poverty headcount ratio at $1.90 a day (2011 PPP) (% of population),SI.POV.DDAY,Europe & Central Asia (IDA & IBRD countries),TEC,..,..,..,..,..,..,..,..,..,..,..,..
Poverty headcount ratio at $1.90 a day (2011 PPP) (% of population),SI.POV.DDAY,European Union,EUU,..,..,..,..,..,..,..,..,..,..,..,..
Poverty headcount ratio at $1.90 a day (2011 PPP) (% of population),SI.POV.DDAY,Fragile and conflict affected situations,FCS,53.5,..,..,37.2,36.7,35.2,34.3,..,34.4,..,..,..
Poverty headcount ratio at $1.90 a day (2011 PPP) (% of population),SI.POV.DDAY,Heavily indebted poor countries (HIPC),HPC,..,..,..,..,..,..,..,..,..,..,..,..
Poverty headcount ratio at $1.90 a day (2011 PPP) (% of population),SI.POV.DDAY,High income,HIC,0.6,..,..,0.6,0.6,0.6,0.6,..,0.7,..,..,..
Poverty headcount ratio at $1.90 a day (2011 PPP) (% of population),SI.POV.DDAY,IBRD only,IBD,..,..,..,..,..,..,..,..,..,..,..,..
Poverty headcount ratio at $1.90 a day (2011 PPP) (% of population),SI.POV.DDAY,IDA & IBRD total,IBT,..,..,..,..,..,..,..,..,..,..,..,..
Poverty headcount ratio at $1.90 a day (2011 PPP) (% of population),SI.POV.DDAY,IDA blend,IDB,..,..,..,..,..,..,..,..,..,..,..,..
Poverty headcount ratio at $1.90 a day (2011 PPP) (% of population),SI.POV.DDAY,IDA only,IDX,..,..,..,..,..,..,..,..,..,..,..,..
Poverty headcount ratio at $1.90 a day (2011 PPP) (% of population),SI.POV.DDAY,IDA total,IDA,53.7,..,..,35.5,34.2,32.8,31.7,..,30.6,..,..,..
Poverty headcount ratio at $1.90 a day (2011 PPP) (% of population),SI.POV.DDAY,Late-demographic dividend,LTE,..,..,..,..,..,..,..,..,..,..,..,..
Poverty headcount ratio at $1.90 a day (2011 PPP) (% of population),SI.POV.DDAY,Latin America & Caribbean,LCN,14.8,..,..,6.1,5.7,4.7,4.6,..,3.9,..,..,..
Poverty headcount ratio at $1.90 a day (2011 PPP) (% of population),SI.POV.DDAY,Latin America & Caribbean (excluding high income),LAC,..,..,..,..,..,..,..,..,..,..,..,..
Poverty headcount ratio at $1.90 a day (2011 PPP) (% of population),SI.POV.DDAY,Latin America & the Caribbean (IDA & IBRD countries),TLA,..,..,..,..,..,..,..,..,..,..,..,..
Poverty headcount ratio at $1.90 a day (2011 PPP) (% of population),SI.POV.DDAY,Least developed countries: UN classification,LDC,..,..,..,..,..,..,..,..,..,..,..,..
Poverty headcount ratio at $1.90 a day (2011 PPP) (% of population),SI.POV.DDAY,Low & middle income,LMY,44.4,..,..,18.9,16.4,15.3,13.3,..,11.8,..,..,..
Poverty headcount ratio at $1.90 a day (2011 PPP) (% of population),SI.POV.DDAY,Low income,LIC,61.2,..,..,48.1,46.6,44.8,43.7,..,43.4,..,..,..
Poverty headcount ratio at $1.90 a day (2011 PPP) (% of population),SI.POV.DDAY,Lower middle income,LMC,44.7,..,..,23,19.8,18.4,16.6,..,13.8,..,..,..
Poverty headcount ratio at $1.90 a day (2011 PPP) (% of population),SI.POV.DDAY,Middle East & North Africa,MEA,6.2,..,..,2.3,2.7,2.7,2.6,..,4.2,..,..,..
Poverty headcount ratio at $1.90 a day (2011 PPP) (% of population),SI.POV.DDAY,Middle East & North Africa (excluding high income),MNA,..,..,..,..,..,..,..,..,..,..,..,..
Poverty headcount ratio at $1.90 a day (2011 PPP) (% of population),SI.POV.DDAY,Middle East & North Africa (IDA & IBRD countries),TMN,..,..,..,..,..,..,..,..,..,..,..,..
Poverty headcount ratio at $1.90 a day (2011 PPP) (% of population),SI.POV.DDAY,Middle income,MIC,..,..,..,..,..,..,..,..,..,..,..,..
Poverty headcount ratio at $1.90 a day (2011 PPP) (% of population),SI.POV.DDAY,North America,NAC,..,..,..,..,..,..,..,..,..,..,..,..
Poverty headcount ratio at $1.90 a day (2011 PPP) (% of population),SI.POV.DDAY,Not classified,INX,..,..,..,..,..,..,..,..,..,..,..,..
Poverty headcount ratio at $1.90 a day (2011 PPP) (% of population),SI.POV.DDAY,OECD members,OED,..,..,..,..,..,..,..,..,..,..,..,..
Poverty headcount ratio at $1.90 a day (2011 PPP) (% of population),SI.POV.DDAY,Other small states,OSS,..,..,..,..,..,..,..,..,..,..,..,..
Poverty headcount ratio at $1.90 a day (2011 PPP) (% of population),SI.POV.DDAY,Pacific island small states,PSS,..,..,..,..,..,..,..,..,..,..,..,..
Poverty headcount ratio at $1.90 a day (2011 PPP) (% of population),SI.POV.DDAY,Post-demographic dividend,PST,..,..,..,..,..,..,..,..,..,..,..,..
Poverty headcount ratio at $1.90 a day (2011 PPP) (% of population),SI.POV.DDAY,Pre-demographic dividend,PRE,..,..,..,..,..,..,..,..,..,..,..,..
Poverty headcount ratio at $1.90 a day (2011 PPP) (% of population),SI.POV.DDAY,Small states,SST,..,..,..,..,..,..,..,..,..,..,..,..
Poverty headcount ratio at $1.90 a day (2011 PPP) (% of population),SI.POV.DDAY,South Asia,SAS,47.3,..,..,24.6,19.8,18.2,16.1,..,..,..,..,..
Poverty headcount ratio at $1.90 a day (2011 PPP) (% of population),SI.POV.DDAY,South Asia (IDA & IBRD),TSA,..,..,..,..,..,..,..,..,..,..,..,..
Poverty headcount ratio at $1.90 a day (2011 PPP) (% of population),SI.POV.DDAY,Sub-Saharan Africa,SSF,54.7,..,..,46.5,45,43.7,42.4,..,41,..,..,..
Poverty headcount ratio at $1.90 a day (2011 PPP) (% of population),SI.POV.DDAY,Sub-Saharan Africa (excluding high income),SSA,..,..,..,..,..,..,..,..,..,..,..,..
Poverty headcount ratio at $1.90 a day (2011 PPP) (% of population),SI.POV.DDAY,Sub-Saharan Africa (IDA & IBRD countries),TSS,..,..,..,..,..,..,..,..,..,..,..,..
Poverty headcount ratio at $1.90 a day (2011 PPP) (% of population),SI.POV.DDAY,Upper middle income,UMC,41.6,..,..,7.8,5.8,4.9,2.4,..,1.7,..,..,..
Poverty headcount ratio at $1.90 a day (2011 PPP) (% of population),SI.POV.DDAY,World,WLD,35.9,..,..,15.7,13.7,12.8,11.2,..,9.9,..,..,..
,,,,,,,,,,,,,,,
,,,,,,,,,,,,,,,
,,,,,,,,,,,,,,,
Data from database: World Development Indicators,,,,,,,,,,,,,,,
Last Updated: 03/21/2019,,,,,,,,,,,,,,,
